HLA,peptide,label
YYATYRNIFTNTYESNLYIRYDSYTWAVLAYLWY,HADNYRCRY,1
YYAMYRNNVAHTDANTLYIRYQDYTWAEWAYRWY,DLVAVLAVF,1
YHSTYRNISTNTYESNLYLRYDSYTWAVLAYTWH,EEVEEEEEY,1
YYAGYREKYRQADVSNLYLWYDSYTWAEWAYTWY,FTTDAIAVA,1
YYAGYREKYRQADVSNLYLWYDSYTWAEWAYTWY,WTGPNNLSF,1
YYAMYRNNVAQTDVDTLYIRYHYYTWAVWAYTWY,ELVPLPEKV,1
YHSTYRNISTNTYESNLYLRYDSYTWAVLAYTWH,EENEETCKM,1
YHSTYRNISTNTYESNLYLRYDSYTWAVLAYTWH,NEEKEENKF,1
YYATYRNIFTNTYESNLYIRYDSYTWAVLAYLWY,DVDEDTCTF,1
YYATYGENMASTYENIAYIRYDSYTWAVLAYLWY,KNQFGDENW,1
YYAMYRENMASTYENIAYLRYHDYTWAELAYLWY,FTEPKVVFL,1
YYAMYRNNVAQTDVDTLYVRYHYYTWAVLAYTWY,DSSEFLTFV,1
YYAMYRENMASTYENIAYLRYHDYTWAELAYLWY,ATESEATAF,1
YYAMYRENMASTYENIAYLRYHDYTWAELAYLWY,STSDKETYI,1
YYAMYRENMASTYENIAYLRYHDYTWAELAYLWY,YSTAKKMFL,1
YYAMYRENMASTYENIAYLRYHDYTWAELAYLWY,KSGNEDGFF,1
YYAMYRENMASTYENIAYLRYHDYTWAELAYLWY,STGYTKVPF,1
YYAMYRENMASTYENIAYLRYHDYTWAELAYLWY,VSKERENKM,1
YYAMYRENMASTYENIAYLRYHDYTWAELAYLWY,LSEHTGVKF,1
YYAMYRENMASTYENIAYLRYHDYTWAELAYLWY,VTTWIENIL,1
YYAMYRENMASTYENIAYLRYHDYTWAELAYLWY,SVNEPLTW,1
YYAMYRENMASTYENIAYLRYHDYTWAELAYLWY,ATKKGKQEL,1
YYAMYRENMASTYENIAYLRYHDYTWAELAYLWY,YSQWGDMKL,1
YYAMYRENMASTYENIAYLRYHDYTWAELAYLWY,HTHTGERPF,1
YYAGYREKYRQTDVSNLYLWYDSYTWAAQAYTWY,YGSEEVVAV,1
YHSTYRNISTNTYESNLYLRYDSYTWAVLAYTWH,EEEEGAVQW,1
YFAMYGEKVAHTHVDTLYVRYHYYTWAVLAYTWY,ALEWHVIQA,1
YYAMYRNNVAQTDVDTLYIRYHYYTWAVWAYTWY,NTEETSTAV,1
YYATYRNIFTNTYESNLYIRYDSYTWAVLAYLWY,SAGANLMRY,1
YYATYRNIFTNTYESNLYIRYDSYTWAVLAYLWY,FSDESVVSW,1
YYATYRNIFTNTYESNLYIRYDSYTWAVLAYLWY,PPHDSEARY,1
YHSTYRNISTNTYESNLYLRYDSYTWAVLAYTWH,DEEESPINF,1
YYSEYREISTNTYESNLYLRYDSYTWAELAYLWY,SHTEAAVRF,1
YFAMYGEKVAHTHVDTLYVRYHYYTWAVLAYTWY,RLGWDENTSA,1
YYATYRNIFTNTYESNLYIRYDSYTWAVLAYLWY,QAADARKYF,1
YYAMYRNNVAQTDVDTLYIRYHYYTWAVWAYTWY,ESGELGSSV,1
YYAMYRNNVAQTDVDTLYIRYHYYTWAVWAYTWY,DAYPGAPGA,1
YFAMYGEKVAHTHVDTLYVRYHYYTWAVLAYTWY,FLGERTYNT,1
YYAMYRNNVAQTDVDTLYIRYHYYTWAVWAYTWY,EAASAQAQA,1
YYAMYRNNVAQTDVDTLYIRYHYYTWAVWAYTWY,QAVGVAYAA,1
YYAMYRENMASTYENIAYLRYHDYTWAELAYLWY,AAEEAQRPW,1
YFAMYGEKVAHTHVDTLYVRYHYYTWAVLAYTWY,ALGWEVALL,1
YYATYRNIFTNTYESNLYIRYDSYTWAVLAYLWY,AALDGYRCY,1
YYATYRNIFTNTYESNLYIRYDSYTWAVLAYLWY,APRAIRMRY,1
YYATYRNIFTNTYESNLYIRYDSYTWAVLAYLWY,VARAFAQRY,1
YYAGYREKYRQTDVSNLYIRYDYYTWAELAYLWY,MAVEQDVII,1
YYAMYRENMASTYENIAYLRYHDYTWAELAYLWY,GTSEPREVL,1
YYAMYRENMASTYENIAYLRYHDYTWAELAYLWY,ASGEGAIKI,1
YFAMYGEKVAHTHVDTLYVRYHYYTWAVLAYTWY,ALGWELLLL,1
YYAGYREKYRQTDVSNLYIRYDYYTWAELAYLWY,GAAEGTAFV,1
YFAMYGEKVAHTHVDTLYVRYHYYTWAVLAYTWY,SVAEEEILL,1
YYAMYGENMASTYENIAYIVYDSYTWAVLAYLWY,RTHTGEQPY,1
YYAGYREKYRQTDVSNLYIRYDYYTWAELAYLWY,YGNEDSLVV,1
YYAGYREKYRQTDVSNLYIRYDYYTWAELAYLWY,YGNEDSSVV,1
YYAMYRENMASTYENIAYLRYHDYTWAELAYLWY,AAGATFDLF,1
YYATYRNIFTNTYESNLYIRYDSYTWAVLAYLWY,ECLGGVPEY,1
YYATYRNIFTNTYESNLYIRYDSYTWAVLAYLWY,EAHKRGFRF,1
YYATYRNIFTNTYESNLYIRYDSYTWAVLAYLWY,EAEHLEKAF,1
YYATYRNIFTNTYESNLYIRYDSYTWAVLAYLWY,TPDEESIHW,1
YFAMYGEKVAHTHVDTLYVRYHYYTWAVLAYTWY,SLNWGYQVAL,1
YYATYRNIFTNTYESNLYIRYDSYTWAVLAYLWY,APCFSNPRY,1
YYATYRNIFTNTYESNLYIRYDSYTWAVLAYLWY,DVLEALAFF,1
YHSTYRNISTNTYESNLYLRYDSYTWAVLAYTWH,EEKEAETLL,1
YYAGYREKYRQTDVSNLYLWYDSYTWAAQAYTWY,RGSSRAIFF,1
YYAGYREKYRQTDVSNLYLWYDSYTWAAQAYTWY,IGSEKFSNF,1
YYATYRNIFTNTYESNLYIRYDSYTWAVLAYLWY,TPNEESIDW,1
YHSTYRNISTNTYESNLYLRYDSYTWAVLAYTWH,VEFDYQAQH,1
YHSTYRNISTNTYESNLYLRYDSYTWAVLAYTWH,VEFDYQAQH,1
YHSTYRNISTNTYESNLYLRYDSYTWAVLAYTWH,VEFDYQAQH,1
YYSEYRNICTNTYENIAYLRYNFYTWAVLTYTWY,ERFRCPETL,1
YHTEYREICAKTDEDTLYLNYHDYTWAVLAYEWY,ERFRCPETL,1
YYATYRNIFTNTYESNLYIRYDSYTWAVLAYLWY,EGVGPPPPY,1
YYAGYREKYRQTDVSNLYIRYDYYTWAELAYLWY,VAMEPGPIA,1
YYSEYREISTNTYESNLYLRYDSYTWAELAYLWY,MKRLPMYYF,1
YYAGYREKYRQTDVSNLYLWYDSYTWAAQAYTWY,KTTEKEKTL,1
YYATYRNIFTNTYENIAYIRYDSYTWAVLAYLWY,DGGEAFISW,1
YYAGYREKYRQTDVSNLYLWYDSYTWAAQAYTWY,RGSEHTLNF,1
YYATYRNIFTNTYESNLYIRYDSYTWAVLAYLWY,MAARVVKHF,1
YYAMYRNNVAQTDVDTLYIRYHYYTWAVWAYTWY,EADDAPVVAV,1
YYATYRNIFTNTYESNLYIRYDSYTWAVLAYLWY,AAGDSPPPY,1
YYATYRNIFTNTYESNLYIRYDSYTWAVLAYLWY,EPRCPPHDY,1
YYAMYRENMASTYENIAYLRYHDYTWAELAYLWY,LAAEGKFFL,1
YYAMYRENMASTYENIAYLRYHDYTWAELAYLWY,LAAETKFFL,1
YYAMYRENMASTYENIAYLRYHDYTWAELAYLWY,ATSPGEPRL,1
YHSTYRNISTNTYESNLYLRYDSYTWAVLAYTWH,EEEEEVAVL,1
YHSTYRNISTNTYESNLYLRYDSYTWAVLAYTWH,EELEYENVV,1
YYAEYRNIYAQTDESNLYWTYNLYTWAELAYTWY,APFPGGPSL,1
YSAMYQENVAHTDENTLYIIYEHYTWARLAYTWY,KAMPVFDKHFY,1
YSAMYQENVAHTDENTLYIIYEHYTWARLAYTWY,RSSRDRTAPF,1
YSAMYQENVAHTDENTLYIIYEHYTWARLAYTWY,KGNAIDIGMDY,1
YSAMYQENVAHTDENTLYIIYEHYTWARLAYTWY,LTLFQAAFRGY,1
YSAMYQENVAHTDENTLYIIYEHYTWARLAYTWY,LAFPPPAAVLY,1
YSAMYQENVAHTDENTLYIIYEHYTWARLAYTWY,IIRRYSSERHY,1
YSAMYQENVAHTDENTLYIIYEHYTWARLAYTWY,RTTHINSVSSY,1
YSAMYQENVAHTDENTLYIIYEHYTWARLAYTWY,HFKDPGVRCKY,1
YSAMYQENVAHTDENTLYIIYEHYTWARLAYTWY,KTKQVVEFFY,1
YYAGYREKYRQTDVSNLYIRYDYYTWAELAYLWY,LASTMMRTVPA,1
YFAMYQENMAHTDANTLYIIYRDYTWVARVYRGY,PSDTRQMLFY,1
YFAMYQENMAHTDANTLYIIYRDYTWVARVYRGY,LTDDRLFTCY,1
YFAMYQENMAHTDANTLYIIYRDYTWVARVYRGY,YTDFHCQYV,1
YFAMYQENMAHTDANTLYIIYRDYTWVARVYRGY,YTDFHCQYVK,1
YFAMYQENMAHTDANTLYIIYRDYTWVARVYRGY,FSADIFFFF,1
YFAMYQENMAHTDANTLYIIYRDYTWVARVYRGY,HTQGLSPDCY,1
YFAMYQENMAHTDANTLYIIYRDYTWVARVYRGY,LSPTLNPIVY,1
YFAMYQENMAHTDANTLYIIYRDYTWVARVYRGY,ISGHRSVFWY,1
YFAMYQENMAHTDANTLYIIYRDYTWVARVYRGY,KVDPIGHVY,1
YFAMYQENMAHTDANTLYIIYRDYTWVARVYRGY,FTNESYLELY,1
YFAMYQENMAHTDANTLYIIYRDYTWVARVYRGY,ILDTAGHEEY,1
YFAMYQENMAHTDANTLYIIYRDYTWVARVYRGY,LSDGPSMGRY,1
YFAMYQENMAHTDANTLYIIYRDYTWVARVYRGY,ATDTNNLNVNY,1
YFAMYQENMAHTDANTLYIIYRDYTWVARVYRGY,ISDSLLWKY,1
YFAMYQENMAHTDANTLYIIYRDYTWVARVYRGY,YLDGKVVDY,1
YFAMYQENMAHTDANTLYIIYRDYTWVARVYRGY,YVDFREYEYY,1
YFAMYQENMAHTDANTLYIIYRDYTWVARVYRGY,FLEGNEVGKTY,1
YFAMYQENMAHTDANTLYIIYRDYTWVARVYRGY,ILDTAGREEY,1
YFAMYGEKVAHTHVDTLYVRYHYYTWAVLAYTWY,YMDGTMSQV,1
YFAMYGEKVAHTHVDTLYVRYHYYTWAVLAYTWY,CLNEYHLFL,1
YFAMYGEKVAHTHVDTLYVRYHYYTWAVLAYTWY,FLYNLLTRV,1
YFAMYGEKVAHTHVDTLYVRYHYYTWAVLAYTWY,IILVAVPHV,1
YFAMYGEKVAHTHVDTLYVRYHYYTWAVLAYTWY,KMIGNHLWV,1
YFAMYGEKVAHTHVDTLYVRYHYYTWAVLAYTWY,AMFWSVPTV,1
YFAMYGEKVAHTHVDTLYVRYHYYTWAVLAYTWY,KLMNIQQKL,1
YFAMYGEKVAHTHVDTLYVRYHYYTWAVLAYTWY,QLSCISTYV,1
YFAMYGEKVAHTHVDTLYVRYHYYTWAVLAYTWY,HLYASLSRV,1
YFAMYGEKVAHTHVDTLYVRYHYYTWAVLAYTWY,MLGEQLFPL,1
YFAMYGEKVAHTHVDTLYVRYHYYTWAVLAYTWY,VLLGVKLFGV,1
YFAMYGEKVAHTHVDTLYVRYHYYTWAVLAYTWY,TLWCSPIKV,1
YFAMYGEKVAHTHVDTLYVRYHYYTWAVLAYTWY,GLLDEDFYA,1
YFAMYGEKVAHTHVDTLYVRYHYYTWAVLAYTWY,KLILWRGLK,1
YFAMYGEKVAHTHVDTLYVRYHYYTWAVLAYTWY,ALQSRLQAL,1
YFAMYGEKVAHTHVDTLYVRYHYYTWAVLAYTWY,KVCCCQILL,1
YFAMYGEKVAHTHVDTLYVRYHYYTWAVLAYTWY,ALIHHNTYL,1
YFAMYGEKVAHTHVDTLYVRYHYYTWAVLAYTWY,VLENFTIFLV,1
YFAMYGEKVAHTHVDTLYVRYHYYTWAVLAYTWY,ILTGLNYEV,1
YFAMYGEKVAHTHVDTLYVRYHYYTWAVLAYTWY,FLIYLDVSV,1
YFAMYGEKVAHTHVDTLYVRYHYYTWAVLAYTWY,FMPDFDLHL,1
YFAMYGEKVAHTHVDTLYVRYHYYTWAVLAYTWY,ALYGFVPVLL,1
YFAMYGEKVAHTHVDTLYVRYHYYTWAVLAYTWY,VVMSWAPPV,1
YFAMYGEKVAHTHVDTLYVRYHYYTWAVLAYTWY,GLFGDIYLAI,1
YFAMYGEKVAHTHVDTLYVRYHYYTWAVLAYTWY,ILNAMIAKI,1
YFAMYGEKVAHTHVDTLYVRYHYYTWAVLAYTWY,SLADEAEVYL,1
YFAMYGEKVAHTHVDTLYVRYHYYTWAVLAYTWY,YQSLKQFNV,1
YFAMYGEKVAHTHVDTLYVRYHYYTWAVLAYTWY,GMYASSYIIL,1
YFAMYGEKVAHTHVDTLYVRYHYYTWAVLAYTWY,LIYELYVSEL,1
YFAMYGEKVAHTHVDTLYVRYHYYTWAVLAYTWY,MTLKEYHYV,1
YFAMYGEKVAHTHVDTLYVRYHYYTWAVLAYTWY,YTLSQCFQL,1
YFAMYGEKVAHTHVDTLYVRYHYYTWAVLAYTWY,FLVYGVRPGM,1
YFAMYGEKVAHTHVDTLYVRYHYYTWAVLAYTWY,FLPVTDASSV,1
YFAMYGEKVAHTHVDTLYVRYHYYTWAVLAYTWY,LLYPHSLSS,1
YFAMYGEKVAHTHVDTLYVRYHYYTWAVLAYTWY,AQFKGAWIL,1
YFAMYGEKVAHTHVDTLYVRYHYYTWAVLAYTWY,GSLDVLMAV,1
YFAMYGEKVAHTHVDTLYVRYHYYTWAVLAYTWY,AVGSYVYSV,1
YFAMYGEKVAHTHVDTLYVRYHYYTWAVLAYTWY,ALLETPSLL,1
YFAMYGEKVAHTHVDTLYVRYHYYTWAVLAYTWY,ALLETPSLLL,1
YFAMYGEKVAHTHVDTLYVRYHYYTWAVLAYTWY,ALDPHSGHFV,1
YFAMYGEKVAHTHVDTLYVRYHYYTWAVLAYTWY,NLNCCSVPV,1
YFAMYGEKVAHTHVDTLYVRYHYYTWAVLAYTWY,ALSPVIPHI,1
YFAMYGEKVAHTHVDTLYVRYHYYTWAVLAYTWY,KLYGLDWAEL,1
YFAMYGEKVAHTHVDTLYVRYHYYTWAVLAYTWY,KLFEFLVYGV,1
YFAMYGEKVAHTHVDTLYVRYHYYTWAVLAYTWY,ILAALFLGL,1
YFAMYGEKVAHTHVDTLYVRYHYYTWAVLAYTWY,QQFAVGSYV,1
YFAMYGEKVAHTHVDTLYVRYHYYTWAVLAYTWY,LIIPFIHLI,1
YFAMYGEKVAHTHVDTLYVRYHYYTWAVLAYTWY,LLFGMPPCL,1
YFAMYGEKVAHTHVDTLYVRYHYYTWAVLAYTWY,KLSHQLVLL,1
YFAMYGEKVAHTHVDTLYVRYHYYTWAVLAYTWY,GIICLDYKL,1
YFAMYGEKVAHTHVDTLYVRYHYYTWAVLAYTWY,LLLMSTLGI,1
YFAMYGEKVAHTHVDTLYVRYHYYTWAVLAYTWY,RVWDIVPTL,1
YFAMYGEKVAHTHVDTLYVRYHYYTWAVLAYTWY,GIAARVKNWL,1
YFAMYGEKVAHTHVDTLYVRYHYYTWAVLAYTWY,RQLEVPWPYI,1
YFAMYGEKVAHTHVDTLYVRYHYYTWAVLAYTWY,ALGALTVWL,1
YFAMYGEKVAHTHVDTLYVRYHYYTWAVLAYTWY,QLCDVMFYL,1
YFAMYGEKVAHTHVDTLYVRYHYYTWAVLAYTWY,YLYDRLLRV,1
YFAMYGEKVAHTHVDTLYVRYHYYTWAVLAYTWY,YLSNIIPAL,1
YFAMYGEKVAHTHVDTLYVRYHYYTWAVLAYTWY,ALDHMFMYFL,1
YFAMYGEKVAHTHVDTLYVRYHYYTWAVLAYTWY,ALPPTVYEV,1
YFAMYGEKVAHTHVDTLYVRYHYYTWAVLAYTWY,FLDPDLTNI,1
YFAMYGEKVAHTHVDTLYVRYHYYTWAVLAYTWY,FLGSLLILV,1
YFAMYGEKVAHTHVDTLYVRYHYYTWAVLAYTWY,FLNCDIMLGV,1
YFAMYGEKVAHTHVDTLYVRYHYYTWAVLAYTWY,GLYGNLIVL,1
YFAMYGEKVAHTHVDTLYVRYHYYTWAVLAYTWY,KAWENFPNV,1
YFAMYGEKVAHTHVDTLYVRYHYYTWAVLAYTWY,KLLSFHSV,1
YFAMYGEKVAHTHVDTLYVRYHYYTWAVLAYTWY,RVYDALNLL,1
YFAMYGEKVAHTHVDTLYVRYHYYTWAVLAYTWY,YLNEAVFNFV,1
YFAMYGEKVAHTHVDTLYVRYHYYTWAVLAYTWY,YLYHRVDVI,1
YFAMYGEKVAHTHVDTLYVRYHYYTWAVLAYTWY,YQANVVWKV,1
YFAMYGEKVAHTHVDTLYVRYHYYTWAVLAYTWY,ALYGFVPVL,1
YFAMYGEKVAHTHVDTLYVRYHYYTWAVLAYTWY,ILDKVLVHL,1
YFAMYGEKVAHTHVDTLYVRYHYYTWAVLAYTWY,FIASNGVKLV,1
YFAMYGEKVAHTHVDTLYVRYHYYTWAVLAYTWY,SLFEGIDIYT,1
YFAMYGEKVAHTHVDTLYVRYHYYTWAVLAYTWY,VVPCEPPEV,1
YFAMYGEKVAHTHVDTLYVRYHYYTWAVLAYTWY,FLDEFMEGV,1
YFAMYGEKVAHTHVDTLYVRYHYYTWAVLAYTWY,GLFGDIYLA,1
YFAMYGEKVAHTHVDTLYVRYHYYTWAVLAYTWY,CMWGRLWQL,1
YFAMYGEKVAHTHVDTLYVRYHYYTWAVLAYTWY,LLLDDLLVSI,1
YFAMYGEKVAHTHVDTLYVRYHYYTWAVLAYTWY,MQLMPFGCLL,1
YYAMYGEKVAHTHVDTLYLRYHYYTWAVWAYTWY,RLFPGLTIKI,1
YFAMYQENVAQTDVDTLYIIYRDYTWAELAYTWY,WLIRETQPITK,1
YFAMYQENVAQTDVDTLYIIYRDYTWAELAYTWY,KLYEEPLLK,1
YFAMYQENVAQTDVDTLYIIYRDYTWAELAYTWY,QTYQHMWNY,1
YFAMYQENVAQTDVDTLYIIYRDYTWAELAYTWY,FIYKSDFVK,1
YFAMYQENVAQTDVDTLYIIYRDYTWAELAYTWY,AINRPTVLK,1
YFAMYQENVAQTDVDTLYIIYRDYTWAELAYTWY,ALYFNSQWK,1
YFAMYQENVAQTDVDTLYIIYRDYTWAELAYTWY,ATRYNYTSEK,1
YFAMYQENVAQTDVDTLYIIYRDYTWAELAYTWY,ATYKGVPYEVK,1
YFAMYQENVAQTDVDTLYIIYRDYTWAELAYTWY,HLFDIQGLPK,1
YFAMYQENVAQTDVDTLYIIYRDYTWAELAYTWY,ILFRTPSVAK,1
YFAMYQENVAQTDVDTLYIIYRDYTWAELAYTWY,KIVEMSTSK,1
YFAMYQENVAQTDVDTLYIIYRDYTWAELAYTWY,KIYTGEKPYK,1
YFAMYQENVAQTDVDTLYIIYRDYTWAELAYTWY,KLRDEISLAK,1
YFAMYQENVAQTDVDTLYIIYRDYTWAELAYTWY,RLFPYALHK,1
YFAMYQENVAQTDVDTLYIIYRDYTWAELAYTWY,RTREFTAKK,1
YFAMYQENVAQTDVDTLYIIYRDYTWAELAYTWY,KVYEGVWKK,1
YFAMYQENVAQTDVDTLYIIYRDYTWAELAYTWY,KILDAVVAQK,1
YFAMYQENVAQTDVDTLYIIYRDYTWAELAYTWY,TLDWLLQTPK,1
YFAMYQENVAQTDVDTLYIIYRDYTWAELAYTWY,KIFSEVTLK,1
YFAMYQENVAQTDVDTLYIIYRDYTWAELAYTWY,KINKNPKYK,1
YYAMYQENVAQTDVDTLYIIYRDYTWAAQAYRWY,GTSAPRKKK,1
YYAMYQENVAQTDVDTLYIIYRDYTWAAQAYRWY,SVTNEFCLK,1
YYAMYQENVAQTDVDTLYIIYRDYTWAAQAYRWY,VQFLSQVLWSR,1
YYAMYQENVAQTDVDTLYIIYRDYTWAAQAYRWY,LLLDIVAPK,1
YYAMYQENVAQTDVDTLYIIYRDYTWAAQAYRWY,ASNASSAAK,1
YYAMYQENVAQTDVDTLYIIYRDYTWAAQAYRWY,CILGKLFTK,1
YYAMYQENVAQTDVDTLYIIYRDYTWAAQAYRWY,CILGKLFTKK,1
YYAMYQENVAQTDVDTLYIIYRDYTWAAQAYRWY,KTLTSVFQK,1
YYAMYQENVAQTDVDTLYIIYRDYTWAAQAYRWY,KTLTSVFQKK,1
YYAMYQENVAQTDVDTLYIIYRDYTWAAQAYRWY,CIKTCDNWNK,1
YSAMYEEKVAHTDENIAYLMFHYYTWAVLAYTGY,CVFQSNFQEF,1
YSAMYEEKVAHTDENIAYLMFHYYTWAVQAYTGY,TYLPSAWNF,1
YSAMYEEKVAHTDENIAYLMFHYYTWAVQAYTGY,VYQYTFPDF,1
YSAMYEEKVAHTDENIAYLMFHYYTWAVQAYTGY,YYSKNLNSFF,1
YSAMYEEKVAHTDENIAYLMFHYYTWAVQAYTGY,TYLPSAWNFF,1
YSAMYEEKVAHTDENIAYLMFHYYTWAVQAYTGY,VYQYTFPDFL,1
YSAMYEEKVAHTDENIAYLMFHYYTWAVQAYTGY,YYSKNLNSF,1
YSAMYEEKVAHTDENIAYLMFHYYTWAVQAYTGY,EYYSKNLNSF,1
YSAMYEEKVAHTDENIAYLMFHYYTWAVQAYTGY,RSMRTVYGLF,1
YSAMYEEKVAHTDENIAYLMFHYYTWAVQAYTGY,AYHSIEWAI,1
YSAMYEEKVAHTDENIAYLMFHYYTWAVQAYTGY,VYCEEYYLF,1
YSAMYEEKVAHTDENIAYLMFHYYTWAVQAYTGY,IYKAPCENW,1
YSAMYEEKVAHTDENIAYLMFHYYTWAVQAYTGY,SYLDSGIHF,1
YSAMYQENVAHTDENTLYIIYEHYTWARLAYTWY,VQIISCQY,1
YSAMYQENVAHTDENTLYIIYEHYTWARLAYTWY,VSVQIISCQY,1
YSAMYQENVAHTDENTLYIIYEHYTWARLAYTWY,SVQIISCQY,1
YTAMYQENVAHIDVDTLYIMYQDYTWAVLAYTWY,CMGGMNLR,1
YFAMYQENVAHTDESIAYIMYQDYTWAVLAYTWY,SLVETPNYI,1
YYAMYRNNVAQTDVDTLYIMYRDYTWAVWAYTWY,NLLGRNSFK,1
YYAMYRNNVAQTDVDTLYIMYRDYTWAVWAYTWY,DTIDVSKLNR,1
YYAMYRNNVAQTDVDTLYIMYRDYTWAVWAYTWY,EIIPQCIAR,1
YYAMYRNNVAQTDVDTLYIMYRDYTWAVWAYTWY,EAFIQPITR,1
YYAMYRNNVAQTDVDTLYIRYHYYTWAVWAYTWY,ETVSEQSNV,1
YYSEYRNIYAQTDESNLYLSYDYYTWAERAYEWY,APARLERRHSA,1
YYSEYRNIYAQTDESNLYLSYDYYTWAERAYEWY,RVSTLRVSL,1
YYSEYRNIYAQTDESNLYLSYDYYTWAERAYEWY,SPMIVGSPW,1
YYSEYRNIYAQTDESNLYLSYDYYTWAERAYEWY,KGTQRILAAL,1
YYSEYRNIYAQTDESNLYLSYDYYTWAERAYEWY,SPFLSQRVAFL,1
YYSEYRNIYAQTDESNLYLSYDYYTWAERAYEWY,KPKKENLWRM,1
YYSEYRNIYAQTDESNLYLSYDYYTWAERAYEWY,LPRQYWEAL,1
YYSEYRNIYAQTDESNLYLSYDYYTWAERAYEWY,RPQGQRPAL,1
YYSEYRNIYAQTDESNLYLSYDYYTWAERAYEWY,CVRVSGQGL,1
YYSEYRNIYAQTDESNLYLSYDYYTWAERAYEWY,SPVTEIRTDL,1
YYSEYRNIYAQTDESNLYLSYDYYTWAERAYEWY,RVAGSMSSL,1
YYSEYRNIYAQTDESNLYLSYDYYTWAERAYEWY,RGRMQTASL,1
YYSEYRNIYAQTDESNLYLSYDYYTWAERAYEWY,RPHVPESAF,1
YDSEYRNIFTNTDESNLYLSYNYYTWAVDAYTWY,MGKSTHTSM,1
YDSEYRNIFTNTDESNLYLSYNYYTWAVDAYTWY,VMKHLLSPL,1
YDSEYRNIFTNTDESNLYLSYNYYTWAVDAYTWY,TLWRSFFATL,1
YDSEYRNIFTNTDESNLYLSYNYYTWAVDAYTWY,FFFFKTTAL,1
YDSEYRNIFTNTDESNLYLSYNYYTWAVDAYTWY,HALRRHYHL,1
YYAMYREISTNTYESNLYLRYDSYTWAEWAYLWY,HQKRPIPI,1
YYAMYREISTNTYESNLYLRYDSYTWAEWAYLWY,GLGPGFSSY,1
YYAMYREISTNTYESNLYLRYDSYTWAEWAYLWY,YQYTFPDF,1
YYAMYREISTNTYESNLYLRYDSYTWAEWAYLWY,YQYTFPDFLY,1
YYAMYREISTNTYESNLYLRYDSYTWAEWAYLWY,YSKNLNSFF,1
YYAMYREISTNTYESNLYLRYDSYTWAEWAYLWY,GQFLTPNSH,1
YYAMYREISTNTYESNLYLRYDSYTWAEWAYLWY,YSNYYCGLRY,1
YYAMYREISTNTYESNLYLRYDSYTWAEWAYLWY,LLCSSCWDF,1
YYAMYREISTNTYESNLYLRYDSYTWAEWAYLWY,VLFEDAVAY,1
YYAMYREISTNTYESNLYLRYDSYTWAEWAYLWY,LMKVDPIGHVY,1
YYAMYRENMASTYENIAYLRYHDYTWAELAYLWY,KSDFVKHQRI,1
YYAMYRENMASTYENIAYLRYHDYTWAELAYLWY,KAFIYKSDFV,1
YHSTYRNISTNTYESNLYLRYDSYTWAVLAYTWH,WEAKPSRIL,1
YHTEYREICAKTDEDTLYLNYHDYTWAVLAYEWY,GRIAFFLKY,1
YHTEYREICAKTDEDTLYLNYHDYTWAVLAYEWY,RRSMLFARH,1
YYATYRNIFTNTYESNLYIRYDSYTWAVLAYLWY,FAFQEYDSF,1
YYATYRNIFTNTYESNLYIRYDSYTWAVLAYLWY,GPEELGLPM,1
YYATYRNIFTNTYESNLYIRYDSYTWAVLAYLWY,MPIEPGDIGC,1
YYATYRNIFTNTYESNLYIRYDSYTWAVLAYLWY,TPTVPSSSF,1
YYATYRNIFTNTYESNLYIRYDSYTWAVLAYLWY,ELMRDINSM,1
YYSEYRNICTNTYENIAYLRYNFYTWAVLTYTWY,YHSIEWAI,1
YYSEYRNICTNTYENIAYLRYNFYTWAVLTYTWY,HQNPVTGLLL,1
YYSEYRNICTNTYENIAYLRYNFYTWAVLTYTWY,RHDLPPYRVYL,1
YYSEYRNICTNTYENIAYLRYNFYTWAVLTYTWY,EHNAYHSIEWAI,1
YYSEYRNICTNTYENIAYLRYNFYTWAVLTYTWY,HNAYHSIEWAI,1
YYTKYREISTNTYENTAYIRYDDYTWAVDAYLSY,WEAKPSRI,1
YYTKYREISTNTYENTAYIRYDDYTWAVDAYLSY,GEEDGAGGHSL,1
YYTKYREISTNTYENTAYIRYDDYTWAVDAYLSY,TESPFEQHI,1
YYTKYREISTNTYENTAYIRYDDYTWAVDAYLSY,AEYQDMHSY,1
YYTKYREISTNTYENTAYIRYDDYTWAVDAYLSY,VEHINISQDW,1
YYTKYREISTNTYENTAYIRYDDYTWAVDAYLSY,SELFRSGLDSY,1
YYTKYREISTNTYENTAYIRYDDYTWAVDAYLSY,EEKLIVVLF,1
YYTKYREISTNTYENTAYIRYDDYTWAVLAYLSY,AEPINIQTW,1
YYTKYREISTNTYENTAYIRYDDYTWAVLAYLSY,KELEGILLL,1
YYATYRNIFTNTYENIAYWTYNYYTWAELAYLWH,DANSFLQSV,1
YYAMYGENMASTYENIAYIVYDSYTWAVLAYLWY,KSFKEIKLW,1
YYAGYREKYRQTDVNKLYLRYDSYTWAEWAYEWY,HSKNCCLYVF,1
YYAGYREKYRQTDVSNLYIRYDYYTWAELAYLWY,FVVPYMIYLL,1
YYAGYREKYRQTDVSNLYIRYDYYTWAELAYLWY,GAAGVGKSAL,1
YYAGYREKYRQTDVNKLYLRYNFYTWAERAYTWY,GSDIMSFVI,1
YYAGYREKYRQTDVNKLYLRYNFYTWAERAYTWY,KVDPIGHVYIF,1
YYAGYREKYRQTDVNKLYLRYNFYTWAERAYTWY,KTDTGVHATL,1
YDSGYREKYRQADVNKLYLWYDSYTWAEWAYTWY,VRINTARPV,1
YDSGYREKYRQADVNKLYLWYDSYTWAEWAYTWY,FRSGLDSYV,1
YDSGYRENYRQADVSNLYLRYDSYTLAALAYTWY,TRSSGSHFVF,1
YDSGYRENYRQADVSNLYLRYDSYTLAALAYTWY,ATLVAAFTL,1
YDSGYRENYRQADVSNLYLRYDSYTLAALAYTWY,FQYHSLNVI,1
YYAGYREKYRQADVSNLYLWYDSYTWAEWAYTWY,QEFENIKSY,1
YYAGYREKYRQADVSNLYLWYDSYTWAEWAYTWY,NAYHSIEWAI,1
YSAGYREKYRQTDVSNLYLWFDSYTWAERAYTWY,SYMIMEIEL,1
YYAGYREKYRQTDVSNLYLWYDSYTWAAQAYTWY,SSSKAPLPSL,1
